line,expression,url
12,⎕← 1 2 3 + 2 ¯4 1,https://tio.run/##SyzI0U2pTMzJT////1Hf1EdtExQMFYwUjBVMFLQVDA24UMS0geSh9SYKhv//AwA
14,⎕← 5 1 4 - 2 3 4,https://tio.run/##SyzI0U2pTMzJT////1Hf1EdtExSMFcwVLBV0FUy5oAKmCoYKJkABI6CUyf//AA
18,"B ← 2 3⍴1 2,3 4,5 6",https://tio.run/##SyzI0U2pTMzJT///31HhUdsEBSMF40e9WwwNFIwMdIwNFEwMdEwNFMwMuJyQZRWMdIwVTHRMFcy4HvVNBUk4KhyeruD0/z8A
29,⎕← ⌽ mat,https://tio.run/##SyzI0U2pTMzJT///PzexROFR2wQFYwWTR71bHvVuNjTietQ3FST0qGevAlD6/38A
31,⎕← ⊖mat,https://tio.run/##SyzI0U2pTMzJT///PzexROFR2wQFIwVjBZNHvVse9W42MuF61DcVJPioaxpQ/v9/AA
32,⎕← ⊖mat,https://tio.run/##SyzI0U2pTMzJT///PzexROFR2wQFYwWTR71bHvVuNjTietQ3FST0qGsaUPb/fwA
33,⎕← 0 1 2 ¯1 ⊖ mat,https://tio.run/##SyzI0U2pTMzJT///PzexROFR2wQFYwWTR71bHvVuNjTietQ3FSRkoGCoYKRwaL2hwqOuaQpAhf//AwA
35,⎕← 10 ÷ ¯2 0.5,https://tio.run/##SyzI0U2pTMzJT////1Hf1EdtExQMFYwUjBUOb1cwUTBVMOeCiRqAhA6tN1Iw0DP9/x8A
44,⎕← 1 2 3 < 2,https://tio.run/##SyzI0U2pTMzJT////1Hf1EdtExQMFYwUjBVsFEyA9KH1hlxowkb//wMA
46,⎕← 1 2 3 ≤ 2,https://tio.run/##SyzI0U2pTMzJT////1Hf1EdtExQMFYwUjBUedS5RMAGyDq035MKQMPr/HwA
48,⎕← 'Banana' = 'a',https://tio.run/##SyzI0U2pTMzJT////1Hf1EdtExQMFYwUjBVsFUyA9KH1hlxQYXWnxDwgVAfKqCeqw0TNQVxz9f//AQ
50,⎕← 1 2 3 ≥ 2,https://tio.run/##SyzI0U2pTMzJT////1Hf1EdtExQMFYwUjBUedS5VMAGyDq035MKQMPr/HwA
52,⎕← 1 2 3 > 2,https://tio.run/##SyzI0U2pTMzJT////1Hf1EdtExQMFYwUjBXsFEyA9KH1hlxowkb//wMA
55,⎕← 'Banana' ≠ 'a',https://tio.run/##SyzI0U2pTMzJT////1Hf1EdtExQMFYwUjBUedS5QMAGyDq035IJKqDsl5gGhOlhOPVEdJm4OETBX//8fAA
57,⎕← ≡ 'abc',https://tio.run/##SyzI0U2pTMzJT////1Hf1EdtExQedS5UMOdC4qgnJiWrIwtoGCoYaWoYK5hoYhc1/f8fAA
58,⎕← 1 ≡ 1 1,https://tio.run/##SyzI0U2pTMzJT////1Hf1EdtExTUk9QV1FOBuEJd4VHnQiA/tUKdCyppCBYyVDD8/x8A
59,⎕← ≢ mat,https://tio.run/##SyzI0U2pTMzJT///PzexROFR2wQFIwXjR71bHvVuNuN61DcVJPKoc5ECUBbO7d0C4v7/DwA
60,⎕← ≢ 7 4 2,https://tio.run/##SyzI0U2pTMzJT////1Hf1EdtExQedS5SUE9U50LimiuYKBghC5gCBYwf9W4xQBbUMFQw0tQwVjDR/P8fAA
61,⎕← 1 ≢ 1 1,https://tio.run/##SyzI0U2pTMzJT////1Hf1EdtExTUk1Ir1BUedS4CstR11FOBuEKdCyppCJYwVDD8/x8A
62,⎕← ↓ mat,https://tio.run/##SyzI0U2pTMzJT///PzexROFR2wQFIwVjBZNHvVse9W42MuF61DcVJPiobbICUMH//wA
63,⎕← ↓ mat,https://tio.run/##SyzI0U2pTMzJT///PzexROFR2wQFYwWTR71bHvVuNjTietQ3FST0qG2yAlD6/38A
64,⎕← 1 ↓ mat,https://tio.run/##SyzI0U2pTMzJT///PzexROFR2wQFYwWTR71bHvVuNjLhetQ3FSRkCJSYrABU8P8/AA
65,⎕← 1 ¯2 ↓ mat,https://tio.run/##SyzI0U2pTMzJT///PzexROFR2wQFYwWTR71bHvVuNjLhetQ3FSRkqHBovRFQcrICUNH//wA
68,⎕← ¯5 ↑ 3 1 4,https://tio.run/##SyzI0U2pTMzJT////1Hf1EdtExRMFR61TVQwVjBUMOGCCh1ajyT4/z8A
69,⎕← ¯2 ↑ mat,https://tio.run/##SyzI0U2pTMzJT///PzexROFR2wQFYwWTR71bHvVuNjTietQ3FSR0aL0RUGqiAlDJ//8A
70,⎕← 2 ¯3 ↑ mat,https://tio.run/##SyzI0U2pTMzJT///PzexROFR2wQFYwWTR71bHvVuNjTietQ3FSRkpHBovTFQcqICUNH//wA
72,⎕← ⍴ mat,https://tio.run/##SyzI0U2pTMzJT///PzexROFR2wQFYwWTR71bHvVuNjTietQ3FSQE5CsApZG4mCIK6pX5pUUKSfmJJerIwuZousz//wcA
79,⎕← 2 ○ 0 1.5707963 3.1415927,https://tio.run/##SyzI0U2pTMzJT////1Hf1EdtExQMFR5N71YwUDDUMzU3MLc0M1Yw1jM0MTS1NDLngioxIqzEGLeS//8B
81,⎕← 'aa' 'bb' 'cc' 'bb'  ~ 'bb' 'xx',https://tio.run/##SyzI0U2pTMzJT////1Hf1EdtExSMFQwVTIDYVKEOiA25oMLqiYnqCupJSUAiORnKAqqAiFRUqP//DwA
82,⎕← 2 ⍴⍨ 3,https://tio.run/##SyzI0U2pTMzJT////1Hf1EdtExSMFB71blEw5kLmPupdoWD8/z8A
83,⎕← 'true' ⊣⍨ 'false',https://tio.run/##SyzI0U2pTMzJT////1Hf1EdtExTUS4pKU9UVHnUtVlBPS8wpTlXnwpB51LsCJvn/PwA
97,⎕← +⌿ mat,https://tio.run/##SyzI0U2pTMzJT///PzexROFR2wQFYwWTR71bHvVuNjTietQ3FSSk/ahnvwJQ/v9/AA
98,⎕← 1 0 2 ⌿ mat,https://tio.run/##SyzI0U2pTMzJT///PzexROFR2wQFYwWTR71bHvVuNjTietQ3FSRkqGCgYKTwqGe/AlDR//8A
99,⎕← 1 0 1 ⌿ mat,https://tio.run/##SyzI0U2pTMzJT///PzexROFR2wQFYwWTR71bHvVuNjTietQ3FSRkqGAAxI969isAFf3/DwA
100,⎕← +⌿ mat,https://tio.run/##SyzI0U2pTMzJT///PzexROFR2wQFYwWTR71bHvVuNjTietQ3FSSk/ahnvwJQ/v9/AA
105,"⎕← , cube",https://tio.run/##SyzI0U2pTMzJT///P7k0KVXhUdsEBSMQfNS75VHvZguuR31TQWI6CiDp//8B
107,"⎕← cube , 99",https://tio.run/##SyzI0U2pTMzJT///P7k0KVXhUdsEBSMFo0e9Wx71bjbhetQ3FSQCltJRsLT8/x8A
108,"⎕← cube , 0 99",https://tio.run/##SyzI0U2pTMzJT///P7k0KVXhUdsEBSMFo0e9Wx71bjbhetQ3FSQCltJRMFCwtPz/HwA
110,⎕← ⍪ cube,https://tio.run/##SyzI0U2pTMzJT///P7k0KVXhUdsEBSMQfNS75VHvZguuR31TQWKPelcpgBT8/w8A
112,⎕← mat ⍪ mat,https://tio.run/##SyzI0U2pTMzJT///PzexROFR2wQFIwXjR71bHvVuNuN61DcVJAKW6V0Fov//BwA
113,⎕← mat ⍪ 0,https://tio.run/##SyzI0U2pTMzJT///PzexROFR2wQFIwXjR71bHvVuNuN61DcVJAKW6V2lYPD/PwA
114,⎕← mat ⍪ 7 8 9,https://tio.run/##SyzI0U2pTMzJT///PzexROFR2wQFIwXjR71bHvVuNuN61DcVJAKW6V2lYK5goWD5/z8A
117,⎕← ⊂ 1(2 3),https://tio.run/##SyzI0U2pTMzJT////1Hf1EdtExQMNYwUjDW5oLxHXU2YIgjB//8B
119,⎕← ⊆ 'this',https://tio.run/##SyzI0U2pTMzJT////1Hf1EdtExTUSzIyi9W5oLxHXW1oIhAeiEoswaIMKvH/PwA
120,⎕← 1 1 2 2 2 ⊆ ⍳5,https://tio.run/##SyzI0U2pTMzJT////1Hf1EdtExQMFQyA0BAIH3W1AUkjBWMFEwVTLrg0SAgEQdKPejeb/v8PAA
125,mat ← 3 2⍴⍳6,https://tio.run/##SyzI0U2pTMzJT////1Hf1EdtExTUHZ2cXUDY1U1d4VHvZqCAs5s6V25iiQJI2ljB6FHvFqC4GRdUA1gGqM5Uwez/fwA
127,⎕←∊ 0 mat (7 8) 9,https://tio.run/##SyzI0U2pTMzJT///Pzex5FHbBAUjBeNHvVse9W4243rUNxUo8qijS8FAASiroGGuYKGpYIkkDlFsqKCemJSs/v8/AA
129,bmat← 2 3⍴0 1 0 1 0 1,https://tio.run/##SyzI0U2pTMzJT////1Hf1EdtExQe9e5QMFQwAEJDBUOupNzEEpCokYLxo94tBmAZMOZCUg5S9P8/AA
130,⎕← ⍸ amat,https://tio.run/##SyzI0U2pTMzJT///PzE3sUThUdsEBWMF40e9WwwUDBUMwNAQDA24HvVNBUk/6t2hAFL7/z8A
132,mat←2 3⍴'flyshyfly',https://tio.run/##SyzI0U2pTMzJT////1Hf1EdtExQedaxSUE9MUldQT0pUh7AMgdCIKzexBChvpGD8qHeLelpOZXFGJZBU50LSB1Ty/z8A
138,⎕← ⍋⍋ 2 5 1 3 4  ⍝ invert back again,https://tio.run/##SyzI0U2pTMzJT////1Hf1EdtExQe9XYrGCmYKhgqGCuYcCEEUcQVgCJzFTLzylKLShSSEpOzFRLTEzPz/v8HAA
139,⎕← 'Banana'[⍋ 'Banana'],https://tio.run/##SyzI0U2pTMzJT////1Hf1EdtExQe9XYrqDsl5gGhOhdUDMaPRpaMhcsm5qnj14ahIvb/fwA
141,⎕← 'Banana'[⍒ 'Banana'],https://tio.run/##SyzI0U2pTMzJT////1Hf1EdtExQe9U5SUHdKzANCdS6oGIwfjSwZC5dNzFPHrw1DRez//wA
142,⎕← 1 0 1 0 1 \ 'Hat',https://tio.run/##SyzI0U2pTMzJT////1Hf1EdtExSMFQ6tN1IwUYhRMFew4IIKGioYQHGMgrpHYon6//8A
143,mat← 3 4⍴1 3 6 10 5 11 18 26 9 19 30 42,https://tio.run/##SyzI0U2pTMzJT////1Hf1EdtExS0YxQMFYwUjBVMFEy5chNLQGJAzqPeLYZA2kzB0EDBVMHQUMHQQsHITMFSwdBSwdhAwcSIC6EfqOv/fwA
144,⎕← 1 0 2 1 ⍀ mat,https://tio.run/##SyzI0U2pTMzJT///Pzex5FHbBGMFk0e9Wx71bjY04nrUNxUoomCoYKBgBCQf9TYoABX9/w8A
145,⎕← +⍀ mat,https://tio.run/##SyzI0U2pTMzJT///Pzex5FHbBGMFk0e9Wx71bjY04nrUNxUooqD9qLdBASj7/z8A
146,⎕← ⍉ mat,https://tio.run/##SyzI0U2pTMzJT///Pzex5FHbBCMFYwWTR71bHvVuNjLhetQ3FSim8Ki3UwEo/f8/AA
147,⎕← ⍉ mat,https://tio.run/##SyzI0U2pTMzJT///Pzex5FHbBCMF40e9Wx71bjbjetQ3FSig8Ki3UwEo9/8/AA
148,⎕← 1 3 2 ⍉ mat,https://tio.run/##SyzI0U2pTMzJT///PzexROFR2wQFIwVjBZNHvVse9W42MuF61DcVJGgIFDRSeNTbqQBU9v8/AA
152,⎕← 3 ∧.= 3 3 3 3,https://tio.run/##SyzI0U2pTMzJT////1Hf1EdtExQMFYwUjBW09Q5PVzBRMFUw44KKGys86liuZwukwZArN7FEASRupGD0qHfLo97NJjCVIBmwfiDj/38A
153,"⎕← 24 60 60 ⊥ 2 46 40  ⍝ mixed radix: conversion of hours, minutes and seconds to seconds",https://tio.run/##NYxBCsIwEEX3nuIfQCGW0IW3iZ1RA3VGklbaC7gQFDcuXXqxXCSmSP6fD3/x5rtLv6HZ9XrMOT3f6fZCg3T/YltsSqrS44O9FxdmEHdKvKq4RWuWW74a2BbW/PGzn5gQHPlph07lyiF6FegBJx1DXBdCxoEjnBBiWRWKGLTWnH8
155,"⎕← 24 60 60 ⊤ 10000  ⍝ mixed radix: encode of 10000 seconds to hours, minutes and seconds",https://tio.run/##SyzI0U2pTMzJT////1Hf1EdtExSMoPBR1xIFUwVzBUMjBYVHvXMVkjLzEosqFVLzkvNTUrlgik0UzAxACKTa0AAIIIpzMytSUxSKElMyK6ygWhTy06AqilOT8/NSihVK8hUy8kuLinWAyvNKS1KLFRLzUmCy//8DAA
156,⎕← ⌹ mat,https://tio.run/##SyzI0U2pTMzJT///PzexROFR2wQFIwWjR71bHvVuNuF61DcVJPKoZ6cCUPb/fwA
158,⎕← 5 6 ⌹ mat,https://tio.run/##SyzI0U2pTMzJT///PzexROFR2wQFIwWjR71bHvVuNuF61DcVJGKqYKbwqGenAlDF//8A
159,⎕← mat ⌹ mat,https://tio.run/##SyzI0U2pTMzJT///PzexROFR2wQFIwWjR71bHvVuNuF61DcVJAKW6dkJov//BwA
161,ns.a ← 2,https://tio.run/##SyzI0U2pTMzJT///Xz2vWF3hUd9Uv2CFR71ruPKK9RIVHrVNUDACMZPATGMuoDyIAVHb26egnqidpP7/PwA
162,⎕← ⌽ ⍕ 12 34,https://tio.run/##SyzI0U2pTMzJT////1Hf1EdtExQe9exVMDRSMDbhQhJ41DsVIvj/PwA
167,var+←2,https://tio.run/##SyzI0U2pTMzJT///vyyx6FHbBBMDLiBDG8gy4nrUNxVIA7n//wMA
168,⎕←var,https://tio.run/##SyzI0U2pTMzJT///vyyx6FHbBBMjrkd9U4EMIPf/fwA
170,⎕←'F1',https://tio.run/##SyzI0U2pTMzJT/8PBI862hXc8vO5FBQe9U191DZB3c1QHcRpm4QkZKTOBVQHwgpFQAF3ZPXuYPUoRrhD1QPVAQA
171,⎕←'F1',https://tio.run/##SyzI0U2pTMzJT/8PBI862hXc8vO5FBQe9U191DZB3c1QHcRpm2SAJGakzgVUCMIKRUABd2QN7mANKGa4Q9UD1QEA
172,⎕←'F1',https://tio.run/##SyzI0U2pTMzJT/8PBI862hXc8vO5FBQe9U191DZB3c1QHcRpmxTs7RmAJGwEFAYJWSGJGatzAfVzAfUDAA
182,⎕← ⌽[1] mat,https://tio.run/##SyzI0U2pTMzJT///PzexROFR2wQFYwWTR71bHvVuNjTietQ3FST0qGdvtGGsAlDF//8A
183,⎕← 0 1 2 ¯1 ⌽[1] mat,https://tio.run/##SyzI0U2pTMzJT///PzexROFR2wQFYwWTR71bHvVuNjTietQ3FSRkoGCoYKRwaL2hwqOevdGGsQpAtf//AwA
184,⎕← ↓[1] mat,https://tio.run/##SyzI0U2pTMzJT///PzexROFR2wQFYwWTR71bHvVuNjTietQ3FST0qG1ytGGsAlDF//8A
185,⎕← 1 ↓[2] mat,https://tio.run/##SyzI0U2pTMzJT///PzexROFR2wQFYwWTR71bHvVuNjTietQ3FSRkCJSYHG0UqwBU8/8/AA
187,⎕← 1 ↑[2] mat,https://tio.run/##SyzI0U2pTMzJT///PzexROFR2wQFYwWTR71bHvVuNjTietQ3FSRkCJSYGG0UqwBU8/8/AA
188,⎕← +⌿ mat,https://tio.run/##SyzI0U2pTMzJT///PzexROFR2wQFYwWTR71bHvVuNjTietQ3FSSk/ahnvwJQ/v9/AA
189,⎕← 2 0 1 /[1] mat,https://tio.run/##SyzI0U2pTMzJT///PzexROFR2wQFYwWTR71bHvVuNjTietQ3FSRkpGCgYKigH20YqwBU9f8/AA
190,⎕← +/[1] mat,https://tio.run/##SyzI0U2pTMzJT///PzexROFR2wQFYwWTR71bHvVuNjTietQ3FSSkrR9tGKsAVPD/PwA
192,"⎕← ,[2 3] cube",https://tio.run/##SyzI0U2pTMzJT///P7k0KVXhUdsEBSMQfNS75VHvZguuR31TQWI60UYKxrEKIDX//wMA
194,⎕← ⊂[2 3] cube,https://tio.run/##SyzI0U2pTMzJT///P7k0KVXhUdsEBSMQfNS75VHvZguuR31TQWKPupqijRSMYxVAqv7/BwA
195,⎕← 1 0 1 ⊂[1] mat,https://tio.run/##SyzI0U2pTMzJT///PzexROFR2wQFYwWjR71bHvVuNuN61DcVJGKoYADEj7qaog1jFYDK/v8HAA
196,⎕← 1 1 2 ⊆[1] mat,https://tio.run/##SyzI0U2pTMzJT///PzexROFR2wQFYwWjR71bHvVuNuN61DcVJGIIhEYKj7raog1jFYDK/v8HAA
197,⎕← 2 ⌷[2] mat,https://tio.run/##SyzI0U2pTMzJT///PzexROFR2wQFYwWjR71bHvVuNuN61DcVJGKk8Khne7RRrAJQyf//AA
198,⎕← 1 0 1 1 \[1] mat,https://tio.run/##SyzI0U2pTMzJT///PzexROFR2wQFYwWjR71bHvVuNuN61DcVJGKoYADEhgox0YaxCkBl//8DAA
199,⎕← +\[1] mat,https://tio.run/##SyzI0U2pTMzJT///PzexROFR2wQFYwWjR71bHvVuNuN61DcVJKIdE20YqwCU//8fAA
200,⎕←var,https://tio.run/##SyzI0U2pTMzJT///vyyx6FHbBBMjrkd9U4EMIPf/fwA
203,⎕← prev 23,https://tio.run/##SyzI0U2pTMzJT///v6AotUzhUdsEBd1HHTMMuR71TQVxwKJGxlzFhUUlYFktoKyBnilMHiwOJgzNFCwM//8HAA
204,⎕← 10 20 30 (+⍤0 1) nmat  ⍝ scalars plus vectors,https://tio.run/##SyzI0U2pTMzJT///Py83sUThUdsEBWMFk0e9Wx71bjY0UkACj3rnKuSV5qYWZSYrAJUWZVZwPeqbCtJgaKBgZKBgbKCgof2od4mBgqGmAtgwsJbi5MScxKJihYKc0mKFstTkkvyi4v//AQ
211,⎕← (8 9@2) mat,https://tio.run/##SyzI0U2pTMzJT///PzexROFR2wQFYwWjR71bHvVuNuN61DcVJKJhoWDpYKSpAFTx/z8A
218,⎕← 1 (⎕JSON ⍠'Compact'0) 1 2 (3 4),https://tio.run/##SyzI0U2pTMzJT////1Hf1EdtExQMFYAMr2B/PyDLSEHDWMFEkwsupQGTe9S7QN05P7cgMblE3UATofT/fwA
220,⎕←var,https://tio.run/##SyzI0U2pTMzJT///vyyx6FHbBBMjrkd9U4EMIPf/fwA
221,(2 0 1/var)+←2,https://tio.run/##SyzI0U2pTMzJT///vyyx6FHbBCMDBWMDBRMDLg0jBQMFQ32gqKY2SJzrUd9UIA3k//8PAA
222,plus←+,https://tio.run/##SyzI0U2pTMzJT///vyyx6FHbBCMDBWMDBRMDroKc0mIgX5urGigRbahgqGAcCxbrmPGoaxFIZe2j3jVcj/qmAtlAJf//AwA
223,plus←+,https://tio.run/##SyzI0U2pTMzJT///vyyx6FHbBCMDBWMDBRMDroKc0mIgX5urWsNIwUDBUB8orwkW7JjxqGsRSGnto941XI/6pgLZQMn//wE
227,a ← 1 2 3,https://tio.run/##SyzI0U2pTMzJT/8PBI/6pnr6Kzxqm6BgwJUIpg0VjBSMuZLAbPXEpGR1LqAaEAesFMZJVEgCMZ19XB2DuCAyQCEA
228,r←⎕EN,https://tio.run/##SyzI0U2pTMzJT////1FHu0LRo7YJbvn5XAoKViFFiQUKBkAWCBzeDmJZuealgISBTJDCR31TXf24gNq4gCwgXwGo8/9/AA
235,r←goo,https://tio.run/##SyzI0U2pTMzJT////1FHu0LRo7YJafn5XApgVjqQBRTlgsmkw2Ue9U0N9gSJ//8PVA4A
288,⎕←?10 10 10,https://tio.run/##SyzI0U2pTMzJT////1Hf1CCfR20TjA1NuIBsIMve0EABjLiIkXvUu0bBkDTZ//8B
291,⍺←2,https://tio.run/##SyzI0U2pTMzJT///3y0//1HbhGouBSB41LsLyDaCsrdqHd4OFOGq5eJ61DcVKKEApPyCFNSBWtT//wcA
293,⍺←2,https://tio.run/##SyzI0U2pTMzJT///3y0//1HbhGouBSB41LsLyDaCsrdqHd4OFOGq5eJ61DcVKKEApJyDFNSBWtT//wcA
299,var2 ← 1 2 3 4 5 6 7 8 9,https://tio.run/##SyzI0U2pTMzJT///vyyxyFDhUdsEBUMFIwVjBRMFUwUzBXMFCy6ghBE2CQVLrkd9U0ESQCrYM8pVQR1khjqYMlL//x8A
303,:EndClassPolly ← ⎕NEW Parrot,https://tio.run/##SyzI0U2pTMzJT///38o5J7G4WMExLzM3MYfLyjUvBSzApcAFlXHKLEqxwiMfkFhUlF9iBVaHkP//PyA/J6dS4VHbBIVHfVP9XMOhCrmAPKigs49jcLACWB0A
305,r←⎕EN,https://tio.run/##SyzI0U2pTMzJT////1FHu0LRo7YJbvn5XAoKViFFiQUKBkAWCBzeDmJZuealgISBTJDCR31TXf24gNq4gCwgXwGo8/9/AA
309,r←goo,https://tio.run/##SyzI0U2pTMzJT////1FHu0LRo7YJafn5XApgVjqQBRTlgsmkw2Ue9U0N9gSJ//8PVA4A
314,'abc' ⎕NPUT 'file.txt',https://tio.run/##SyzI0U2pTMzJT////1Hf1EdtExSAlJ9rhGdwSLCCelpmTqpeSUWJOpd6YlKyOlguIDQEWQKfrv//AQ
315,⍺←2,https://tio.run/##SyzI0U2pTMzJT///3y0//1HbhGouBSB41LsLyDaCsrdqHd4OFOGq5eJ61DcVKKEApPyCFNSBWtT//wcA
317,⍺←2,https://tio.run/##SyzI0U2pTMzJT///3y0//1HbhGouBSB41LsLyDaCsrdqHd4OFOGq5eJ61DcVKKEApJyDFNSBWtT//wcA
320,⍺+⍵,https://tio.run/##SyzI0U2pTMzJT///3y0//1HbhGouBYVHvbu0H/Vu5arletQ3FSgGJP2DFNSBCtRhIp2LsAkuRBL8/x8A
321,r←⍎'goo',https://tio.run/##SyzI0U2pTMzJT////1FHu0LRo7YJafn5XApg1qPePvX0/Hx1LqAUF0w6HSHdNzU4xNHZGyT1/z9QGwA
323,⍺←2,https://tio.run/##SyzI0U2pTMzJT///3y0//1HbhGouBSB41LsLyDaCsrdqHd4OFOGq5eJ61DcVKKEApMKCFNSBWtT//wcA
327,⎕← 80 ⎕DR 42,https://tio.run/##SyzI0U2pTMzJT////1Hf1EdtExQMDRWALJcgBRMjLqiQhQGmkDFUyAAIDREYQwua/P//AA
331,⎕← ⎕THIS,https://tio.run/##SyzI0U2pTMzJT/8PBI/6pj5qm6AApEI8PIO5NP2CFfK4NJ1BJJoUghvsqgcVBAA
334,⎕← {⎕TID}&⍬,https://tio.run/##SyzI0U2pTMzJT////1Hf1EdtExSAVIinCxeUVw3h1qo96l2DTwwi9P8/AA
335,⎕DL&0.1,https://tio.run/##SyzI0U2pTMzJT////1Hf1EdtExSAVIizX6hvsIIBF5Dt4qNmoGfIhUfSGKekgoGeEamS//8DAA
336,⎕← ⎕TS,https://tio.run/##SyzI0U2pTMzJT///v0ThUdsEhUd9U1181Iy4gDSUGxLMBSYj/ZwVSlDE//8HAA
343,⎕← ⎕DR 12,https://tio.run/##SyzI0U2pTMzJT////1Hf1EdtExSAlEuQgqGCARADSS5UYSN0vrGJKRYhM3MLdFE9YxMTNDFXbLq9jNGUqScmJaujCT3q3aUFZKILf5jQ0AjETUDcrI7hLIhJ//8DAA
352,⎕← 9 ⎕NINFO 'hw.txt',https://tio.run/##SyzI0U2pTMzJT///Xz0jNScnX6E8vygnRV3hUd9Uv4DQEAX1jHK9kooSdS6gwKO2CQqWYBlPPzd/uNT//wA
360,tn ← 'hw.txt' ⎕NTIE 0,https://tio.run/##SyzI0U2pTMzJT///Xz0jNScnX6E8vygnRV3hUd9Uv4DQEAX1jHK9kooSda6SPIVHbRPgfLCCEE9XBQMuIAskAxIIcnV0UQCqtDBQMIWJW4BlPP3c/IEy//8DAA
361,⎕← 9 ⎕NINFO 'hw.txt',https://tio.run/##SyzI0U2pTMzJT///Xz0jNScnX6E8vygnRV3hUd9Uv4DQEAX1jHK9kooSdS6gwKO2CQqWYBlPPzd/uNT//wA
366,(3 3⍴28 2105 16385 0 2073 16385 31 ¯1 0) ⎕FSTAC 1,https://tio.run/##SyzI0U2pTMzJT///X704MSe1WC8lOU1d4VHfVDfnIFfHEFcFQy4NYwXjR71bjCwUjAwNTBUMzYwtTBUMFIwMzI2hHGNDhUPrDRUMNMEag0McnYHagMxHbRNAAkEuIIH//wE
367,"⎕← ',' ⎕VFI '3.9,2.4,,76,'",https://tio.run/##SyzI0U2pTMzJT////1Hf1EdtExSAVJibp4K6kYKukcKh9UbqXFAJdR11uKSxnqWOkZ6Jjo65mY76//8A
369,'#.t2' ⎕WC 'Timer',https://tio.run/##SyzI0U2pTMzJT///X11Zr8RQXeFR39RwZwX1kMzc1CJ1LpCgEbogkPeobQJY0E9BXVn9/38A
370,⎕←⎕FSIZE tn,https://tio.run/##SyzI0U2pTMzJT///vyRP4VHbBAX1tMycVL2U5DR1hUd9U92cg1wdQ1wVDLiAHKA0SCjYM8pVoSSPi8vQyFhBPTEpGaLSMSDA1c8FJAESRxXBpgrTxP//AQ
371,⎕← ⎕FCHK 'file.dcf',https://tio.run/##SyzI0U2pTMzJT////1HfVLdQvxBPVwX1tMycVL2U5DR1BZCgc5CrY4irggEXkPOobQJEzMMbSdn//wA
374,⎕← 'gl' ⎕NL 3 4,https://tio.run/##SyzI0U2pTMzJT////1HfVOdI9ZS0vGJ1LiD7UdsEBfX0HHUFINvPR8FYweT/fwA
379,⎕← ⎕NL ¯9,https://tio.run/##SyzI0U2pTMzJT////1HfVOdI9ZS0vGJ1LiD7UdsEBSDl56NwaL3l//8A
380,⎕←⎕FHIST tn,https://tio.run/##SyzI0U2pTMzJT///vyRP4VHbBAX1tMycVL2U5DR1hUd9U92cg1wdQ1wVDLiAHKA0SMjDMzhEoSTv/38A
381,'abc' ⎕FAPPEND tn,https://tio.run/##SyzI0U2pTMzJT///vyRP4VHbBAX1tMycVL2U5DR1hUd9U92cg1wdQ1wVDLjUE5OSIUKOAQGufi4KJXlcQB5IC0gwyMXZEyikYPj/PwA
382,'abc' ⎕FAPPEND tn,https://tio.run/##SyzI0U2pTMzJT///vyRP4VHbBAX1tMycVL2U5DR1hUd9U92cg1wdQ1wVDLjUE5OSIUKOAQGufi4KJXlcQB5IC0gQqAwkpGD4/z8A
383,'abc' ⎕FAPPEND tn,https://tio.run/##SyzI0U2pTMzJT///vyRP4VHbBAX1tMycVL2U5DR1hUd9U92cg1wdQ1wVDLjUE5OSIUKOAQGufi4KJXlcQB5IC0gw2DPKFSj0/z8A
386,⎕← 'U' ⎕FPROPS tn,https://tio.run/##SyzI0U2pTMzJT///vyRP4VHbBAX1tMycVL2U5DR1hUd9U92cg1wdQ1wVDLiAHLB0KEQ8IMg/IFihJO//fwA
391,⎕← ⎕UCS 100 200 300,https://tio.run/##SyzI0U2pTMzJT////1Hf1EdtExSAVKhzsIK6o5OzOheqmKGBgYIREBsbGMBk1END3HQt1OG6HvXu0gKy1f//BwA
396,⎕← ↑⎕DM,https://tio.run/##SyzI0U2pTMzJT/8PBCmlubmVCo/aJihUG1hZGSg86m5RUHdUP7xd3Um99lHvGq5HfVNBso/aJgJZLr4gfrCnu5@jj4IBuhwA
404,'abc' ⎕NAPPEND tn,https://tio.run/##SyzI0U2pTMzJT///vyRP4VHbBAX1tMycVL2SihJ1hUd9U/2cg1wdQ1wVDLjUE5OSIUKOAQGufi4KJXlcZqYKZmYKZuZowkAeyKRHXc1gCXfXECRT//8HAA
411,tnB ← 'fileB.txt' ⎕NCREATE 0,https://tio.run/##SyzI0U2pTMzJT///vyTPUeFR2wQF9bTMnFRHvZKKEnWFR31T/ZyDXB1DXBUMuErynBAKnLAqcEYocMaiAMgByYPE/EJ9g0F8v1C/EE9XBaDZeGUdsan4/x8A
412,tnB ← 'fileB.dcf' ⎕FCREATE 0,https://tio.run/##SyzI0U2pTMzJT///vyTPUeFR2wQF9bTMnFRHvZTkNHWFR31T3ZyDXB1DXBUMuErynBAKnLAqcEYocMaiAMgByYPE/EJ9g0F8t1C/EE9XBaDZeGUdsan4/x8A
419,⎕← ⍳ 4,https://tio.run/##SyzI0U2pTMzJT////1HfVE9/hUdtExQMuIBsEONR72YFExhHPSM1JydfPdoolosLodaQgNr//wE
420,⎕← 0 ÷ 0,https://tio.run/##SyzI0U2pTMzJT/8PBI/6prp4hik8apugYMgF5IAYBgqHtysYwHjmEB4XkkoDfCoB
421,⎕FR ← 645,https://tio.run/##SyzI0U2pTMzJT/8PBI/6proFKTxqm6BgaGRhzmVoYKBlZGDAxYUQNzMxhQkDAA
422,:Field f←'field',https://tio.run/##SyzI0U2pTMzJT///38o5J7G4WCGZSwEIrNwyU3NSFNIetU1QTwMx1cHCZSB@WWJRZmJSTipEyCqgKL8gtaikUqEAzAeBRx3tCkVApe6pJQoVcFEFsJh6AVC9OrJSiDGueSkwk7iQzfDzgRth5ZicnAp0YkFpUk5mMhfCzEd9U@HKQAaCDAP75v//TKi0azjQZ5l6QGWH1hvpGQIA
423,:Field f←'field',https://tio.run/##SyzI0U2pTMzJT///38o5J7G4WCGZSwEIrNwyU3NSFNIetU1QTwMx1cHCZSB@WWJRZmJSTipEyCqgKL8gtaikUqEAzAeBRx3tCkVApe6pJQoVcFEFsJh6AVC9OrJSiDGueSkwk7iQzfDzgRth5ZicnAp0YkFpUk5mMhfCzEd9U@HKQAaCDAP75v//TKi0azjQZ5l6QGWH1hvpGQEA
424,:Field f←'field',https://tio.run/##SyzI0U2pTMzJT///38o5J7G4WCGZSwEIrNwyU3NSFNIetU1QTwMx1cHCZSB@WWJRZmJSTipEyCqgKL8gtaikUqEAzAeBRx3tCkVApe6pJQoVcFEFsJh6AVC9OrJSiDGueSkwk7iQzfDzgRth5ZicnAp0YkFpUk5mMhfCzEd9U@HKQAaCDAP75v//TKi0azjQZ5l6QGWH1hvpGQMA
430,r←F F x,https://tio.run/##SyzI0U2pTMzJT/8PBI862hWKHrVN0HBTCClKTPEv0FSo4FIAC7kpuAHZQAVcLvkFQH71o95dQKQAp7bWcrmkFpX5gyQf9S424uJ61DfVz0fh0HoTPUMA
431,r←F F x,https://tio.run/##SyzI0U2pTMzJT/8PBI862hWKHrVN0HBTCClKTPEv0FSo4FIAC7kpuAHZQAVcLvkFQH71o95dQKQAp7bWcrmkFpX5gyQf9S424uJ61DfVz0fh0HoTPSMA
432,r←F F x,https://tio.run/##SyzI0U2pTMzJT/8PBI862hWKHrVN0HBTCClKTPEv0FSo4FIAC7kpuAHZQAVcLvkFQH71o95dQKQAp7bWcrmkFpX5gyQf9S424uJ61DfVz0fh0HoTPWMA
440,⎕← (⎕NEXISTS⍠1) 'abc*' 'def*',https://tio.run/##SyzI0U2pTMzJT///Xz0xKdnQyFhd4VHfVD/nIFfHEFcFAy4g51HbBAUNkKBrhGdwSPCj3gWGmgog1VrqCuopqWla6v//AwA
443,⎕← # ⎕WG 'APLVersion',https://tio.run/##SyzI0U2pTMzJT////1Hf1EdtExSAVLAriAx3V1APqSxIVVdQdy4tCi5ITE5V54IqUoYpcAzwCUstKs7Mz1P//x8A
445,⎕← 22÷7,https://tio.run/##SyzI0U2pTMzJT////1Hf1IAAhUdtExQMDbiAHBDLyOjwdnMuJBljXDKoEv//AwA
446,⎕PW ← 42,https://tio.run/##SyzI0U2pTMzJT////1Hf1EdtExQe9W42MuUCcgLCFUB8EyMuZJn//wE
451,var←⍳10 ⋄ 2 ⎕NINFO 'array'  ⍝ file size,https://tio.run/##SyzI0U2pTMzJT/8PBOqJRUWJleoKj/qmRoQoqJclFqlzAYlHbRMe9W42NFB41N2iYASS9fP0c/NXgClXeNQ7VyEtMydVoTizKhWhwwiXDoQSY1xKAA
452,⎕← ⎕NGET 'myfile.txt',https://tio.run/##SyzI0U2pTMzJT///X90jNScnX13hUd9Uv4DQEAX13Mq0zJxUvZKKEnUuoOCjtglgOXdXVLn//wE
453,⎕← ⊃⊃ ⎕NGET 'myfile.txt' 1,https://tio.run/##SyzI0U2pTMzJT///X90jNScnX13hUd9Uv4DQEAX13Mq0zJxUvZKKEnUuoOCjtgkKj7qagQisxN0VVYmC4f//AA
454,'Hello' ⎕FAPPEND tn,https://tio.run/##SyzI0U2pTMzJT///vyRP4VHbBAX13Mq0zJxUdYVHfVPdnINcHUNcFQy41D1Sc3LyIYKOAQGufi4KJXlc6uH5RTkp6KJAHtAgkFiwZ5QrVMTNJcg/AMhWOLTeEFPF//8A
460,⎕←'before',https://tio.run/##SyzI0U2pTMzJT/8PBI862hXc8vO5FBQe9U191DZBPSk1Lb8oVR0hkJuZkpKDLJCUWpmfl6LOBdTKZQwSDA7xD1BQB5qizgUkAA
467,tn ← 'file.txt'⎕NTIE 0,https://tio.run/##SyzI0U2pTMzJT///Xz0xKVn9Ud9Uv4DQEPW0zJxUvZKKEnWukjyFR20TFBAiICUhnq4KBlxAFkgKJBDsGeWqUJL3/z8A
468,tnB ← 'fileB' ⎕FCOPY tnA,https://tio.run/##SyzI0U2pTMzJT///vyTPUeFR2wQF9bTMnFRHdYVHfVPdnINcHUNcFQy4SvKcEJJOUEn/gEgFoC4uIAckpwGk/Tz93Pwf9S4w1FTX0ktJTlP//x8A
475,(1000⍴1.1)⎕FAPPEND tn,https://tio.run/##SyzI0U2pTMzJT///vyRP4VHbBAX1tMycVHWFR31T3ZyDXB1DXBUMuDQMDQwMHvVuMdQz1ARJOAYEuPq5KJTkIckYocmAeC5B/gFAtoIhiAcyHCQY7BnlChFxC3IFcyCqUeX//wcA
476,⎕SE.Goo←{⍵ ⍵ ⍵},https://tio.run/##SyzI0U2pTMzJT/8PBI/6pga76rnl5z9qm1D9qHerAhDXckFE3VFEITKGCgYQSSDpGhHgHxSiDtSsrqAOVKwO0hfgGOIB1KUOVgUWAfKAShRMjKAcdzAHAA
478,⍝     12345678901234,https://tio.run/##SyzI0U2pTMzJT////1HvXAUUYAgCXDBhQyNjE1MzcwtLAxCLK0/hUdsEBUM9A2RgyJWLIQw0oW8qSBBIOYfAOHkKubZgGecQsA4DXBKGrofWG6LK/v8PAA
479,n ← 1.00000000001,https://tio.run/##SyzI0U2pTMzJT////1HfVBfnEIVHbRMUDF0PrTc04MqDcPQM4MCQC6gKJJhnC2a6BUGUGFmYI8n8/w8A
482,⎕← ⎕DL&1,https://tio.run/##SyzI0U2pTMzJT////1Hf1EdtExSAlIuPmiEXTm6IX6hvMIgf4u3p46OAIfX/PwA
486,r←x x,https://tio.run/##SyzI0U2pTMzJT////1FHu0LRo7YJbvn5ChVcCmB2BZAFFOd61DcVyFN41LkIyPILUlAHKlIHifr4O3vDOdiVgERBZpoY/f8PAA
488,a.b←42,https://tio.run/##SyzI0U2pTMzJT///P/FR24RHfVP9gh/1ruFK1EsCck2MuNST1cGCColQMUMDAy6gCJClkKyX9P8/AA
494,⎕← ('[aeiou]' '.' ⎕R '\u&' '\l&'⍠1) text  ⍝ uppercase all vowels and lowercase consonants,https://tio.run/##SyzI0U2pTMzJT///vyS1okThUdsEBXUvzzBXF4W0/ArdvMrcggwF9yBHp2CFwtLM5GyF8sSckio9da5HfVNBajXUoxNTM/NLY9UV1PXUFYCiQQrqMaVqQG5Mjpr6o94FhpoKYJMVHvXOVSgtKEgtSk4sTlVIzMlRKMsvT80pVkjMS1HIATIhEsn5ecX5eYl5JcX//wMA
495,⎕← ('[aeiou]+' ⎕S '&'⍠1) text  ⍝ all vowels,https://tio.run/##SyzI0U2pTMzJT///vyS1okThUdsEBXUvzzBXF4W0/ArdvMrcggwF9yBHp2CFwtLM5GyF8sSckio9da5HfVNBajXUoxNTM/NLY7XVFYBCwQrqauqPehcYaiqAjVN41DtXITEnR6Esvzw1p/j/fwA
510,⎕← ⎕NGET 'myfile.txt',https://tio.run/##SyzI0U2pTMzJT///X90jNScnX13hUd9Uv4DQEAX13Mq0zJxUvZKKEnUuoOCjtglgOXdXNDmNR11NMM3q4flFOSnqmlhNUTDEa466U2UqdusVjPBp/P8fAA
513,⎕← +⍨ ⍳10,https://tio.run/##SyzI0U2pTMzJT////1Hf1EdtExS0H/WuUDDlQuY96t1saIAicmi9IRAb6ZkqGCiASBM94yxDPUMUNRrGCsaPercANVtq/v8PAA
516,⎕←'',https://tio.run/##SyzI0U2pTMzJT////1Hf1EdtExSMFYwf9W551LvZkgsioq4OZSjYPupdgST//z8A
517,⎕←'',https://tio.run/##SyzI0U2pTMzJT////1Hf1EdtExSMFYwf9W551LvZkgsioq4OZSg86lzwqHcFkor//wE
531,⎕← 0∘< ¯2 ¯1 0 1 2,https://tio.run/##SyzI0U2pTMzJT////1Hf1EdtExQMHnXMsFEwVDBSMFYw4UIRPLTeCIgNFQxA0v//AwA
533,⎕← 0∘= ¯2 ¯1 0 1 2,https://tio.run/##SyzI0U2pTMzJT////1Hf1EdtExQMHnXMsFUwVDBSMFYw4UIRPLTeCIgNFQxA0v//AwA
535,⎕← 0∘> ¯2 ¯1 0 1 2,https://tio.run/##SyzI0U2pTMzJT////1Hf1EdtExQMHnXMsFMwVDBSMFYw4UIRPLTeCIgNFQxA0v//AwA
540,⎕← 10∘* ¯1 ¯2 ¯3 ¯4,https://tio.run/##SyzI0U2pTMzJT////1Hf1EdtExQMDR51zNBSMFQwUjBWMOFCFT203hCIjYDYGIjRZQ31jI2AhKkJkDA3BRKWlv//AwA
541,⎕← 10∘⍟ 132 15454 17501 199999,https://tio.run/##SyzI0U2pTMzJT////1Hf1EdtExQMDR51zHjUO1/BEMgEIjCGEEAy1RSIzbgw1BobKRiampiaKBiamxoAdVqCwP//AA
571,⎕←'',https://tio.run/##SyzI0U2pTMzJT////1Hf1EdtExQedS3SVzBUMFIwVjBRMOWCiKqrQxkKQGCsYPyod8uj3s2WGLJgzQj5//8B
572,⎕←'',https://tio.run/##SyzI0U2pTMzJT////1Hf1EdtExQedS3WVzBUMFIwVjBRMOWCiKqrQxkKQGCsYPyod8uj3s2WGLJgzQj5//8B
573,⎕←'',https://tio.run/##SyzI0U2pTMzJT////1Hf1EdtExS09RUMFYwUjBVMFEy5IGLq6lCGAhAYKxg/6t3yqHezJYYsUCtC9v9/AA
581,⎕←    3 3⍴ 2 1 3 6 5 4 7 9 8,https://tio.run/##SyzI0U2pTMzJT////1Hf1EdtExQe9XToK5haKBiaKhgZKVgYKBiZKRgaciHLGoChIYSGyQCBsYLxo94tCkZAKWMFMwVTBRMFcwVLBQuoEnV1FFNwqf7/HwA
582,⎕←    3 3⍴ 2 1 3 6 5 4 7 9 8,https://tio.run/##SyzI0U2pTMzJT////1Hf1EdtExQe9XTpK5haKBiaKhgZKVgYKBiZKRgaciHLGoChIYSGyQCBsYLxo94tCkZAKWMFMwVTBRMFcwVLBQuoEnV1FFNwqf7/HwA
583,⎕← ÷/ 1 2 3,https://tio.run/##SyzI0U2pTMzJT////1Hf1EdtExQOb9dXMFQw4kLlKhhjCCiYYBFSMP3/HwA
585,⎕← ⍴ 1∘/ 27,https://tio.run/##SyzI0U2pTMzJT////1Hf1EdtExQe9W5RAAEjcy4kEcNHHTP00cQgqhSMDRSMTbGphcj8/w8A
591,⎕←'',https://tio.run/##SyzI0U2pTMzJT////1Hf1EdtExQe9W5RAAETBWMg81HvZkMjLoiUujoXkhqDRx0zHvXsR1b3/z8A
594,⎕←'',https://tio.run/##SyzI0U2pTMzJT////1Hf1EdtExQMH3XM0FEwVTBTMFew4IIIqqtzocgaKxg/6t3yqHez5f//AA
604,⎕← 0∘∊ 1 1 0 1,https://tio.run/##SyzI0U2pTMzJT////1Hf1EdtExQMHnXMeNTRpWAIgVxYhA0UDP//BwA
605,⎕← 1∘∊ 0 1 1 0,https://tio.run/##SyzI0U2pTMzJT////1Hf1EdtExQMH3XMeNTRpWAAgVwYwoZAaPD/PwA
609,⎕← +\ 2 4 6 8 10,https://tio.run/##SyzI0U2pTMzJT////1Hf1EdtExS0YxQMYZALIWakYKJgpmChYGjw/z8A
618,"⎕← col, ⌈⍀ col",https://tio.run/##SyzI0U2pTMzJT///Pzk/51HbhEe9q4wMFAwNFUzMFYwUTBWMDQwULC25HvVNBUoqANXoKDzq6XjU2wBi//8PAA
619,"⎕← col, ⌊⍀ col",https://tio.run/##SyzI0U2pTMzJT///Pzk/51HbhEe9q4wMFAwNFUzMFYwUTBWMDQwULC25HvVNBUoqANXoKDzq6XrU2wBi//8PAA
622,⎕← 0∘⊥ 3 3⍴⍳9,https://tio.run/##SyzI0U2pTMzJT////1Hf1EdtExQMHnXMeNS1VOFR72ZLLjQxYwXjR71bQDL//wMA
624,⎕← 2∘⊥ 0 1 0,https://tio.run/##SyzI0U2pTMzJT////1Hf1EdtExSMHnXMeNS1VMEACA25MAQNFQywCWKoNAQZ8P8/AA
637,⎕← 1 0 2 ⌿ mat,https://tio.run/##SyzI0U2pTMzJT///PzexROFR2wQFYwWTR71bHvVuNjTietQ3FSRkqGCgYKTwqGe/AlDR//8A
638,⎕← 1 0 1 ⌿ mat,https://tio.run/##SyzI0U2pTMzJT///PzexROFR2wQFYwWTR71bHvVuNjTietQ3FSRkqGAAxI969isAFf3/DwA
651,⎕← 1 0 1 0 1 \ 'Hat',https://tio.run/##SyzI0U2pTMzJT////1Hf1EdtExSMFQ6tN1IwUYhRMFew4IIKGioYQHGMgrpHYon6//8A
652,⎕← 1 0 2 1 ⍀ mat,https://tio.run/##SyzI0U2pTMzJT///Pzex5FHbBGMFk0e9Wx71bjY04nrUNxUoomCoYKBgBCQf9TYoABX9/w8A
671,⎕← m,https://tio.run/##SyzI0U2pTMzJT///P1fhUdsEIJ6o7paZl6euoO6eWFSJoBzz8hKBlHNiUQ6QcklE5qGqdEpNLFXnetQ3FWReLpyh8KhjuZ4tVNX//wA
713,⎕← ⍴ a,https://tio.run/##SyzI0U2pTMzJT////1Hf1EdtExQSFUCkkYKxgsmj3i2PejcbmXBBpYB8hUQYRycaJBeLEADJwgX//wcA
721,⎕← ⎕NGET 'myfile.txt',https://tio.run/##SyzI0U2pTMzJT///Xz23Mi0zJ1WvpKJEXUHjUd9Uv4DQkEe9Kx51zHjU1aSpoO6RmpOTr66gHp5flJOizgVU8ahtggJIobtriAKy9v//AQ
767,"⎕← ⍴ (,⍤0) 3 4⍴⎕A",https://tio.run/##SyzI0U2pTMzJT////1Hf1EdtExQe9W5R0NB51LvEQFNBPTEpWZ0Li4SxggmQC5Rw/P8fAA
790,⎕← 1 3 (1=⍸) 1,https://tio.run/##SyzI0U2pTMzJT////1Hf1EdtExQMFYwVNAxtH/Xu0FQw4MIiaIhN0AiboDE2QZP//wE
844,⎕← (⌽≡⊢) 'carrace',https://tio.run/##SyzI0U2pTMzJT////1Hf1EdtExQ0HvXsfdS58FHXIk0F9aLE5NTkxCJ1LmySQAmQvPr//wA
869,⎕← (=/⍴) ↑'ab' 'cd',https://tio.run/##SyzI0U2pTMzJT////1Hf1EdtExQ0bPUf9W7RVHjUNlE9MSlZXUE9JTVNnQurLFAyOUX9/38A
875,⎕← 1 3 (=⌿<) 1,https://tio.run/##SyzI0U2pTMzJT////1Hf1EdtExQMFYwVNGwf9ey30VQw4MIiaIhN0AiboDE2QROYoDFQGMMiZEFDbIJG2ASNsQma/P8PAA
878,⎕← 1 3 (≠⌿≤) 1,https://tio.run/##SyzI0U2pTMzJT////1Hf1EdtExQMFYwVNB51LnjUs/9R5xJNBQMuHBKGuCSMcEkY45IwgUkYA6WwWo4uYYhLwgiXhDEuCZP//wE
897,⎕← (¯1+2×⍳) 6,https://tio.run/##SyzI0U2pTMzJT////1Hf1EdtExQ0Dq031DY6PP1R72ZNBVMubKJm//8DAA
902,"⎕← (0,2×⍳) 6",https://tio.run/##SyzI0U2pTMzJT////1Hf1EdtExQ0DHSMDk9/1LtZU8GUC1PM7P9/AA
910,⎕← (⊢≡∪) 'abca',https://tio.run/##SyzI0U2pTMzJT////1Hf1EdtExQ0HnUtetS58FHHKk0F9cSk5BR1Lhwyier//wMA
939,⎕← (1↓0∘⍕) 3.41252E10,https://tio.run/##SyzI0U2pTMzJT////1Hf1EdtExSM9UwMjUyNXA0NuKAiGoaP2iYbPOqY8ah3qiaS/P//AA
970,⎕← (1=≢∘⍴) 'H',https://tio.run/##SyzI0U2pTMzJT////1Hf1EdtExQ0DG0fdS561DHjUe8WTQV1j9ScnHx1LhySuCTU//8HAA
1000,"⎕← ⍴ (↑,∘⊂) 3 4⍴⎕A",https://tio.run/##SyzI0U2pTMzJT////1Hf1EdtExQe9W5R0HjUNlHnUceMR11NmgrqiUnJ6ly4ZI0VTIBiQFnH//8B
1009,⎕← (1=≢∘∪) 'abc' 'abc' 'abd',https://tio.run/##SyzI0U2pTMzJT////1Hf1EdtExQ0DG0fdS561DHjUccqTQX1xKRkdWSSixhlKer//wMA
1035,"⎕← 2 +/ (¯1⊥¨,\) 3,4 5 5 6",https://tio.run/##SyzI0U2pTMzJT////1Hf1EdtExQ0Dq03fNS19NAKnRhNBWMdEwVTIDTjgsoaKWjr41Dy/z8A
1050,⎕←(1≡≡∧⍬≡⍴)⎕NR'Foo',https://tio.run/##SyzI0U2pTMzJT///3y0//1HbhOpHvbu0H/VureV61DcVyNcwfNS5EIQ6lj/qXQNi9G7RBEr5BakDNagTUOUPUfX/PwA
1091,⎕← 1 3 (6≠⍳+3×⍸) 1,https://tio.run/##SyzI0U2pTMzJT////1Hf1EdtExQMFYwVNMwedS541LtZ2/jw9Ee9OzQVDLjwyRrilTXCK2uMV9bk/38A
1095,⎕← 2 (⊃∘⍋⌷⊢) names,https://tio.run/##SyzI0U2pTMzJT///Py8xN7VY4VHbBAV1p/wkdQV1l8Q8IOmcmAMkHZNS1bke9U0FSRspaDzqan7UMeNRb/ejnu2PuhZpKoA1wxTgkP7/HwA
1097,⎕← (⍳∘≢≡⍋) 31 41 59 265,https://tio.run/##SyzI0U2pTMzJT////1Hf1EdtExQ0HvVuftQx41HnokedCx/1dmsqGBsqmBgqmFoqGJlxEaPIFLcqI3MFQwsjCwhhYmpp8P8/AA
1099,⎕← 2 (⊃∘⍒⌷⊢) names,https://tio.run/##SyzI0U2pTMzJT///Py8xN7VY4VHbBAV1p/wkdQV1l8Q8IOmcmAMkHZNS1bke9U0FSRspaDzqan7UMeNR76RHPdsfdS3SVABrhinAIf3/PwA
1101,⎕← (⍳∘≢≡⍒) 314 159 26 5,https://tio.run/##SyzI0U2pTMzJT////1Hf1EdtExQ0HvVuftQx41HnokedCx/1TtJUMDY0UTA0tVQwMjPlIkKRAh5VRuYGBgqGFkYWEMLE1PL/fwA
1143,"⎕← ⍴ ⎕← (⊢⍴⍨¯2↑1 1,⍴) 'abc'",https://tio.run/##SyzI0U2pTMzJT////1Hf1EdtExQe9W5RgDI1HnUtAnIf9a44tN7oUdtEQwVDHSBfU0E9UZ2LJOVJySRpMFIwBtIgbSmpaer//wMA
1160,⎕← 1 3 (1=4 9⍸⍳+3×⍸) 1,https://tio.run/##SyzI0U2pTMzJT////1Hf1EdtExQMFYwVNAxtTRQsH/XueNS7Wdv48HQgS1PBgIuQCkOCKowIqjAmqMLk/38A
1161,⎕← 1 3 (1=6 9⍸⍳+3×⍸) 1,https://tio.run/##SyzI0U2pTMzJT////1Hf1EdtExQMFYwVNAxtzRQsH/XueNS7Wdv48HQgS1PBgIuQCkOCKowIqjAmqMLk/38A
1162,⎕← 1 3 (1≠4 9⍸⍳+3×⍸) 1,https://tio.run/##SyzI0U2pTMzJT////1Hf1EdtExQMFYwVNAwfdS4wUbB81LvjUe9mbePD04EsTQUDLsJqDIlQY0SEGmMi1Jj8/w8A
1163,⎕← 1 3 (1≠6 9⍸⍳+3×⍸) 1,https://tio.run/##SyzI0U2pTMzJT////1Hf1EdtExQMFYwVNAwfdS4wU7B81LvjUe9mbePD04EsTQUDLsJqDIlQY0SEGmMi1Jj8/w8A
1164,"⎕← (1=≢∘∪∘,) 2 3⍴'ab'",https://tio.run/##SyzI0U2pTMzJT////1Hf1EdtExQ0DG0fdS561DHjUccqIKmjqWCkYPyod4t6ojoXQSVJ6v//AwA
1196,⎕← ⍴ a,https://tio.run/##SyzI0U2pTMzJT////1Hf1EdtExQSFUCkkYKxgsmj3i2PejcbmXBBpYB8hURkjqFCtU40UMmj3l2xj3q31qLKGuGVNcaQ/f8fAA
1215,⎕ ← 2(↑⍪↑⍨∘-⍨)mat,https://tio.run/##SyzI0U2pTMzJT///PzexROFR2wQFQ0MF00e9Wx71bjY15XrUNxUsaKTxqG3io95VYHLFo44ZukBKE6jl/38A
1222,⎕← mat (⍸-⍳≤∘≢⊣) 3 3,https://tio.run/##SyzI0U2pTMzJT///Pzex5FHbBGMFo0e9Wx71bjbjetQ3FSigABRX0HjUu0MXKPioc8mjjhmPOhc96lqsqWCsYEyMIpP//wE
1227,⎕← (⍳∘≢≡⌽∘⍋) 314 159 26 5,https://tio.run/##SyzI0U2pTMzJT////1Hf1EdtExQ0HvVuftQx41HnokedCx/17AWxe7s1FYwNTRQMTS0VjMxMuYhWqkBQrZG5gYGCoYWRBYQwMbX8/x8A
1229,⎕← (⍳∘≢≡⌽∘⍒) 31 41 59 265,https://tio.run/##SyzI0U2pTMzJT////1Hf1EdtExQ0HvVuftQx41HnokedCx/17AWxeydpKhgbKpgYKphaKhiZcRGv1JSQWiNzBUMLIwsIYWJqafD/PwA
1237,⎕← (2=0+.=⍳|⊢) 7,https://tio.run/##SyzI0U2pTMzJT////1Hf1EdtExQ0jGwNtPVsH/VurnnUtUhTwYwLh4Q5LgkLXBKWuCQMDXDKGP7/DwA
1270,⎕← 'abracadabra'[i],https://tio.run/##SyzI0U2pTMzJT////1Hf1EdtExQyFUCkhkHdo94Vjzpm6ADxo97OR12LHvXs0FRQT0wqSkxOTAFR6lxQLSiC0Zmx//8DAA
1302,4 apl-dyalog⎕← (××∘⌊|+1,https://tio.run/##ATQAy/9hcGwtZHlhbG9n///ijpXihpAgKMOXw5fiiJjijIp8KzE@Mnx8KSAxLjYgMi43IDMuMf//
1340,"⎕← (⊃0⎕ninfo⍠1,∘'/*')'.'",https://tio.run/##SyzI0U2pTMzJT////1Hf1EdtExQ0HnU1GwDZeZl5afmPehcY6jzqmKGur6Wuqa5fWlykzkVYnZ76//8A
1354,var ← 'abcdef',https://tio.run/##SyzI0U2pTMzJT///PzQvKrNA4VHbBIWaRx0zHvVuBpGdix51LQIxupoe9ewAsrnKEovAitQTk5JTUtPUuR71TQXxDRUgBgDlYUJGmELGmEImmEKmmEJmmELmmEIWmEIKCKH//wE
1359,⎕← (⊢≡∘.<⍨∘⍳∘≢) ⎕← 3 3⍴1 1 1 0 1 1 0 0 1,https://tio.run/##SyzI0U2pTMzJT////1Hf1EdtExQ0HnUtetS58FHHDD2bR70rgPSj3s0gsnORpgJUjbGC8aPeLYYKaJCLTCMMoKQBOUYgaQaTBuQYAdcMgf//AwA
1360,⎕← (⊢≡∘.≤⍨∘⍳∘≢) ⎕← 3 3⍴1 1 1 0 1 1 0 0 1,https://tio.run/##SyzI0U2pTMzJT////1Hf1EdtExQ0HnUtetS58FHHDL1HnUse9a4Ash71bgaRnYs0FaCqjBWMH/VuMVRAg1xkG2IAJQ3IMwRJO5g0IM8QuHYI/P8fAA
1414,⎕← (⊢≡⊢×∘.<⍨∘⍳∘≢) ⎕← 3 3⍴1 1 1 0 1 1 0 0 1,https://tio.run/##SyzI0U2pTMzJT////1Hf1EdtExQ0HnUtetS5EEgenv6oY4aezaPeFUD6Ue9mENm5SFMBqtBYwfhR7xZDBTTIRYk5BlDSgGxzkEwAkwZkmwM3AQL//wcA
1415,⎕← (⊢≡⊢×∘.≤⍨∘⍳∘≢) ⎕← 3 3⍴1 1 1 0 1 1 0 0 1,https://tio.run/##SyzI0U2pTMzJT////1Hf1EdtExQ0HnUtetS5EEgenv6oY4beo84lj3pXAFmPejeDyM5FmgpQpcYKxo96txgqoEEuykwygJIGFJiEZAaYNKDAJLgZEPj/PwA
1416,⎕← (⊢≡⊢×∘.≥⍨∘⍳∘≢) ⎕← 3 3⍴1 0 0 1 1 0 1 1 1,https://tio.run/##SyzI0U2pTMzJT////1Hf1EdtExQ0HnUtetS5EEgenv6oY4beo86lj3pXAFmPejeDyM5FmgpQpcYKxo96txgqoEEu8k0yAEKQGQYUmmQANQluHoUmIZn3/z8A
1417,⎕← (⊢≡⊢×.>⍨∘⍳∘≢) ⎕← 3 3⍴1 0 0 1 1 0 1 1 1,https://tio.run/##SyzI0U2pTMzJT////1Hf1EdtExQ0HnUtetS5EEgenv6oY4ae3aPeFUD6Ue9mENm5SFMBqtBYwfhR7xZDBTTIhcUcwoYYACFIuwFuQ4hwjAHUHLhpFJmDZNr//wA
1424,"B ← 4 4⍴8 ¯9 ¯6 5,1 ¯3 ¯4 7,2 8 ¯8 ¯3,1 2 ¯5 ¯1",https://tio.run/##SyzI0U2pTMzJT///31HhUdsEBSMF40e9WwwVDq03UTDXObQeyFcw5nICy5komADlLIBylkBspmCqA1JnDFVrpACSAWFjoLgRkDYFYkOuR31TQZodFap1HvUuMdKJftS72SjWEGiuEci8zke9ux51zNA7PP1R79ZaBaf//wE
1446,⎕← (~0∊×∘|≤∘.<⍨∘⍳∘≢) ⎕← 3 3⍴1 1 1 0 1 1 0 0 1,https://tio.run/##SyzI0U2pTMzJT////1Hf1EdtExQ06gwedXQdnv6oY0bNo84lQErP5lHvCiD9qHcziOxcpKkAVWusYPyod4uhAhrkotAoAyhpQIlRSIaASQNKjIIbAoH//wMA
1447,⎕← (~0∊×∘|≤∘.≤⍨∘⍳∘≢) ⎕← 3 3⍴1 1 1 0 1 1 0 0 1,https://tio.run/##SyzI0U2pTMzJT////1Hf1EdtExQ06gwedXQdnv6oY0bNo84lQEoPRPWuALIe9W4GkZ2LNBWgqo0VjB/1bjFUQINcFBtmACUNKDMMyRgwaUCZYXBjIPD/fwA
1448,⎕← (~0∊×∘|≤∘.≥⍨∘⍳∘≢) ⎕← 3 3⍴1 0 0 1 1 0 1 1 1,https://tio.run/##SyzI0U2pTMzJT////1Hf1EdtExQ06gwedXQdnv6oY0bNo84lQErvUefSR70rgKxHvZtBZOciTQWoamMF40e9WwwV0CAXRYYZACHIGAPKDTOAGgY3knLDkIz8/x8A
1449,⎕← (~0∊×∘|≤∘.>⍨∘⍳∘≢) ⎕← 3 3⍴1 0 0 1 1 0 1 1 1,https://tio.run/##SyzI0U2pTMzJT////1Hf1EdtExQ06gwedXQdnv6oY0bNo84lQErP7lHvCiD9qHcziOxcpKkAVWusYPyod4uhAhrkosAoAyAEGWJAqVEGUKPgBlJqFJKB//8DAA
1488,'abc' ⎕FAPPEND tn,https://tio.run/##SyzI0U2pTMzJT///vyRP4VHbBAX1tMycVL2U5DR1hUd9U92cg1wdQ1wVDLjUE5OSIUKOAQGufi4KJXlcQB5IC0gQqAwkpGD4/z8A
1506,⎕← Ord 0,https://tio.run/##SyzI0U2pTMzJT///378oReFR2wSFR71TdaqNHrVNVC/JKC7JSylKUX/UNvlR7wqjw9MfdTU/6t36qGfvo44uQwUDBYuYR11NhgZAxQY6j3o3G9dyPeqbCjIEZJgBEufQCqC0oZEhsryhARj8/w8A
1518,"⎕← 1 {((¯1*⊃)×2⊥⊃≠,)⊖⍣⍺⊢(8÷⍨≢⍵)8⍴⍵} ~64↑1 1",https://tio.run/##SyzI0U2pTMzJT////1Hf1EdtExQMFao1NA6tN9R61NWseXi60aOupUDWo84FOpqPuqY96l38qHfXo65FGhaHtz/qXfGoc9Gj3q2aFo96twDpWgUzk0dtEw0VDLmoYlodzLj//wE
1724,⎕← (+/1 1∘⍉) A,https://tio.run/##SyzI0U2pTMzJT////1Hf1EdtExQcFUCksYLxo94tj3o3W3JBxTW09Q0VDB91zHjU26mp4Pj/PwA
1753,⎕← 'Anna' {>/⍒⍺⍵} 'Anna',https://tio.run/##SyzI0U2pTMzJT////1Hf1EdtExTUHfPyEtUVqu30H/VOetS761Hv1loFdaf8JHUuvCrAgnAlIPX4VeA0REFdQeFR71yFRIWSosTMnMy8dIXigsTkVIXk/NzUYoXEtJLUIoW8fDTZ//8B
1760,⎕← 1 1 0 {⍺⍀⍺⌿⍵} (3 1 4)(2 7 18)(1 6 18),https://tio.run/##SyzI0U2pTMzJT////1Hf1EdtExQMgdAATELo6ke9ux71NoDInv2PerfWKqg75iZWZealK6pzoejBVKlhDJQw0dQwUjBXMLTQ1DBUMAPR//8DAA
1846,⎕← {⍵/⍨' '∨.≠⍵} mat,https://tio.run/##SyzI0U2pTMzJT////1Hf1EdtExRyE0sUQLSRgsWj3i3qQFpBIVFBAUwCaXUuqLrqR71b9R/1rlBXUH/UsULvUecCoEAtSPv//wA
1847,⎕← '--',https://tio.run/##SyzI0U2pTMzJT////1Hf1EdtExRyE0sUQLSFgtGj3i3qCgpGCkCQCESJIIY6F1Sduq4unF39qHfro579j3pXgBgdK/QedS5QV1CvBRn2/z8A
1912,"⎕← ',' ⎕VFI '3.9,2.4,,76,'",https://tio.run/##SyzI0U2pTMzJT////1Hf1EdtExSAVJibp4K6kYKukcKh9UbqXFAJdR11uKSxnqWOkZ6Jjo65mY76//8A
1946,⎕← 0J¯1 0J1 {×11○(⍵-1↓⍺)×+2-/⍺} 0J0,https://tio.run/##SyzI0U2pTMzJT////1Hf1EdtExQMvA6tNwSShgrVh6cbGj6a3q3xqHerruGjtsmPendpHp6ubaSrD2TVKhh6GXCRrMkAWZMhVCMRNv3/DwA
1956,⎕← {⌿∘⍵¨↓⌽⍉2⊥⍣¯1⍳¯1+2*≢⍵} 3 2⍴'AaBbCc',https://tio.run/##SyzI0U2pTMzJT////1Hf1EdtExSqH/Xsf9Qx41Hv1kMrHrVNftSz91Fvp9GjrqWPehcfWm/4qHczkNQ20nrUuQioplZB3dHJ2UWdi0zdxgpGj3q3qDsmOiU5J6v//w8A
1975,⎕← {⌿∘⍵¨↓⌽⍉2⊥⍣¯1⊢⍳¯2+2*≢⍵} 3 2⍴'AaBbCc',https://tio.run/##SyzI0U2pTMzJT////1Hf1EdtExSqH/Xsf9Qx41Hv1kMrHrVNftSz91Fvp9GjrqWPehcfWm/4qGvRo97Nh9YbaRtpPeoEsrfWKqg7Ojm7qHORb4CxgtGj3i3qjolOSc7J6v//AwA
1978,⎕← {(⊂⍋∊⍳∘≢¨⍵)⌷⊃⍪/⍵} (4 2⍴'aabbccdd')(2 2⍴'AABB'),https://tio.run/##SyzI0U2pTMzJT////1Hf1EdtExSqNR51NT3q7X7U0fWod/OjjhmPOhcdWvGod6vmo57tj7qaH/Wu0gfyahXUE5OS1YGaXNQdnZxdXN3UuUg1QcNEwehR7xb1xMSkpOTklBR1TQ0jiIijo5OTuub//wA
2028,anonymous ← ⎕NS⍬,https://tio.run/##SyzI0U2pTMzJT///Xz0vMTc1Rf1R31S/4Ee9a7gS8/LzKnPzS4sVHrVNUIALAxkgfrWGeqz6o85Fj7qaH/XsfdQ79VHvVs1HXYsfdcwAsvSAqlzcEAyg5lAfn1oFsBWUGQF31v//AA
2090,⎕← 'abcdeABCD'[p],https://tio.run/##SyzI0U2pTMzJT////1Hf1EdtExQKFECkkUL1o97uLG2NzJpHvbs0o7OAgtoxj3q3xj7qXKodY6gLZMYcWm/4qG2ygU4mUDJTF5n3qHeH4aOevUBFtQqGCgZQCGVxQW1ST0xKTkl1dHJ2UY8uiP3/HwA
2096,⎕← '`(''[^'']*''|[^`])*`'⎕R{⍕⍎1↓¯1↓⍵.Match} 'hello`1+a`world',https://tio.run/##SyzI0U2pTMzJT///P/FR2wRjrkd9U4G0gnqChrp6dJy6eqyWunpNdFxCrKZWgjpQMqj6Ue/UR719ho/aJh9aDyIf9W7V800sSc6oVVDPSM3JyU8w1E5MKM8vyklR//8fAA
2116,"⎕← 11 12 13 {m|⍵+.×⍺(⊣×⊢|∘⊃{0=⍵:1 0 ⋄ (⍵∇⍵|⍺)+.×0 1,⍪1,-⌊⍺÷⍵})¨⍨⍺÷⍨m←×/⍺} 10 4 12",https://tio.run/##SyzI0U2pTMzJT////1Hf1EdtExSMFUwVzBWqc2se9W7V1js8/VHvLo1HXYuBjK5FNY86Zjzqaq42sAVKWhkqGCg86m5R0AByHnW0A0mgnl2aIE0GCoY6j3pXGeroPurpAgoe3g6UrdU8tOJR7wood0Uu0LbD0/WB3FoFI6C1RlxQFxgaKhgaKRga09sRhgYKJkCb//8HAA
2225,"⎕← ,∘0 {⍵⍵ ⍵:⍵ ⋄ ∇⍺⍺ ⍵} (2<≢) 1 2 3",https://tio.run/##SyzI0U2pTMzJT////1Hf1EdtExR0HnXMMFCoftS7FYgUgNgKTHe3KDzqaH/UuwuIQKK1ChrmNo86F2kqGCoYKRhzkazbCEn3//8A
2303,⎕← 10*23,https://tio.run/##SyzI0U2pTMzJT////1Hf1EdtExQMDQwMFGwVDF2NueAiWkbG//8DAA
2305,⎕← 1 - 3,https://tio.run/##SyzI0U2pTMzJT////1Hf1EdtExQOrTdU0FYw5oJyDRV0FYz//wcA
2310,a.var ← 42,https://tio.run/##SyzI0U2pTMzJT///Xz1RXeFR31S/YIVHvWu4EvXKEosUHrVNUDAx4gIKg1hgsf//AQ
2312,a←?100000⍴0,https://tio.run/##SyzI0U2pTMzJT///Xz05t6BC/VHfVOdI9ZS0vGJ1Lq7ER20T7A0NQOBR7xYDriQ0PhdQNVBIAawz8VHHiiSFR12LFQyB4FHPNgVDdQUsokbq//8DAA
2313,a←?10000⍴0,https://tio.run/##SyzI0U2pTMzJT///Xz05t6BC/VHfVOdI9ZS0vGJ1Lq7ER20T7A0NgOBR7xYDriRULhdQLVBEAawv8VHHiiSFR12LFQyB4FHPNgVDdQUsokZAY4FMIyAbbBKZhvz/DwA
2320,∇ Secret,https://tio.run/##SyzI0U2pTMzJT///38o5J7G4WCGZ61FHu0JwanJRagmXgsKj3rkKwRkZjxqWgcS5rFzzUsDquLge9U191DZB4VHnIigrWU/D0MLgUc82TQV1iH51bIqADOcguIr//wE
2321,⎕← 181⌶ 1↑1 1000,https://tio.run/##SyzI0U2pTMzJT////1Hf1EdtExSAlEuQguGjtomGCoYGBgZcUHFDC8NHPduQJP7/BwA
2397,r←'yes',https://tio.run/##SyzI0U2pTMzJT////1FHu0LRo7YJafn5XAoKVp5pCoZAWgEspl6ZWqwOEnXNS/FMg0obIKTz8pFkgQZxPeqbChRXAJr1/z8A
2409,⎕←'F1',https://tio.run/##SyzI0U2pTMzJT/8PBI862hXc8vO5FBQe9U191DZB3c1QHcixcs8PyVcI9vYMQJIxAsqAhKyQxIzVuYBGcAGNAAA
2422,⎕←'F1',https://tio.run/##SyzI0U2pTMzJT/8PBI862hXc8vO5FBQe9U191DZB3c1QHcRpmxTs7RmAJGwEFAYJWSGJGatzAfVzAfUDAA
2423,'a' ⎕NS ⍬,https://tio.run/##SyzI0U2pTMzJT/8PBGWJRQqP2iYoqBfl55eoc6knqis86pvqF6zwqHcNV6IeUBooq56TmpimzsUFlAGpBQsjOMogLgA
2424,⎕← '5' = 5,https://tio.run/##SyzI0U2pTMzJT////1Hf1EdtExTUE5OS1blgHFN1BVsF0///AQ
2425,⍝ ⎕← 'also not',https://tio.run/##SyzI0U2pTMzJT////1Hf1EdtExTUK1OL1RUUHvXOVYCJ5OWrcyHzE3OK8xXy8kvU//8HAA
2427,a ← 1 2 3,https://tio.run/##SyzI0U2pTMzJT/8PBI/6pnr6Kzxqm6BgwJUIpg0VjBSMuZLAbPXEpGR1LqAaEAesFMZJVEji0nT2cXUM4oKIAwUA
2619,⎕← a.b.##,https://tio.run/##SyzI0U2pTMzJT/8PBOqJeknqCo/6pvoFKzzqXcMFZD1qm6AAFNVTVgYA
2665,⎕←0(220⌶)s,https://tio.run/##SyzI0U2pTMzJT////1Hf1EdtE4qB2FDDyMjgUc82TSMFo0e9W4wUzBUMFSy4IAoMYJLF//8DAA
2667,0(85⌶)'a←1',https://tio.run/##SyzI0U2pTMzJT/8PBAYaFqaPerZpqptoG6lzwXmJj9omGCLxq2uN1QE
2668,⎕←0(220⌶)s,https://tio.run/##SyzI0U2pTMzJT////1Hf1EdtE4qB2FDDyMjgUc82TSMFo0e9W4wUzBUMFSy4IAoMYJLF//8DAA
2670,1(85⌶)'a←1',https://tio.run/##SyzI0U2pTMzJT/8PBIYaFqaPerZpqptoG6lzwXmJj9omGKoDAA
2671,age ← 31 27 16,https://tio.run/##SyzI0U2pTMzJT///Py8xN1XhUdsEIJ6o7piUqq6g7pSfBCW5EtMhksaGCkbmCoZmXI/6poL4YF0gSQ2LRz3bNBU0QLoh@kBmAAUMzYCaNP//BwA
2684,⎕← a+b,https://tio.run/##SyzI0U2pTMzJT///XyNRIUnzUdsEQwUjrkd9U4EshUTtpP//AQ
2685,(a b)←b a,https://tio.run/##SyzI0U2pTMzJT///XyNRIUnzUdsEUwULLhg7SSGR61HfVCBLIVE36f9/AA
2737,⎕← 'can''t',https://tio.run/##SyzI0U2pTMzJT////1Hf1EdtExTUgYALxk5OzFNXL1H//x8A
